Entry Date,Exit Date,Days Held,Entry,Exit,Profit INR
1997-01-03,1999-10-15,1015,10.9,60.56,4526675.37
1997-01-10,1997-08-29,231,11.46,14.32,243699.43
1997-03-07,1997-11-07,245,11.12,9.09,-186440.63
1997-07-04,1998-11-20,504,0.61,5.03,7211673.33
1997-07-25,1997-10-31,98,66.33,59.65,-105170.98
1997-07-25,1997-12-12,140,13.47,12.32,-89851.35
1998-02-06,1998-06-12,126,14.88,16.08,68919.19
1998-03-13,1998-06-26,105,1.61,0.96,-405401.92
1998-04-17,1998-07-03,77,19.53,14.38,-332876.85
1998-07-10,1998-09-04,56,21.22,17.58,-171787.65
1998-10-16,1998-11-27,42,19.63,17.75,-91372.46
1999-01-08,2000-02-11,399,21.65,76.77,2071620.64
1999-01-08,1999-09-24,259,7.15,4.13,-3488906.93
1999-01-08,2000-03-03,420,24.99,55.64,980794.27
1999-04-16,2000-02-18,308,0.91,2.8,2080048.34
1999-07-09,1999-10-29,112,55.15,47.53,-127516.86
1999-08-20,1999-10-29,70,0.98,0.76,-138056.16
1999-10-01,2000-04-28,210,18.23,48.38,7748350.38
2000-01-07,2000-01-28,21,70.76,54.27,-181661.82
2000-03-24,2000-04-21,28,71.04,56.62,-370223.67
2001-02-02,2001-03-16,42,0.56,0.34,-182358.77
2001-06-08,2001-09-21,105,5.19,4.92,-46026.84
2001-06-29,2001-12-21,175,69.16,78.13,175921.81
2001-08-31,2001-10-05,35,81.75,69.46,-446698.72
2002-01-25,2003-03-07,406,2.24,5.53,4497706.04
2002-02-08,2003-04-18,434,6.61,14.81,944641.53
2002-04-26,2002-10-18,175,0.36,0.48,85727.75
2003-05-16,2004-05-21,371,7.35,15.77,8604931.31
2003-05-16,2004-05-14,364,16.69,31.43,1496050.66
2003-05-23,2004-04-16,329,0.87,2.87,825871.81
2003-06-13,2004-04-30,322,47.79,76.67,349352.08
2003-06-20,2004-02-20,245,91.02,103.52,209774.11
2003-07-04,2004-02-27,238,19.54,22.88,164999.81
2003-07-04,2004-03-19,259,6.69,8.87,319172.18
2003-07-11,2003-11-21,133,39.96,39.89,-36443.6
2003-08-15,2004-02-27,196,655.43,885.67,344320.88
2003-08-22,2004-05-14,266,136.07,221.08,616697.59
2003-08-29,2004-03-19,203,68.33,75.08,228116.8
2003-10-31,2004-04-02,154,14.72,17.58,188327.6
2003-12-05,2004-04-09,126,43.15,44.61,157211.84
2003-12-19,2004-03-19,91,24.46,20.6,-2021294.91
2004-09-03,2005-03-25,203,25.47,28.27,1090466.81
2004-09-10,2005-01-07,119,23.56,23.06,-31101.64
2004-09-24,2005-02-18,147,98.1,93.28,-143982.93
2004-10-01,2005-06-10,252,4.63,8.15,889659.61
2004-11-05,2006-05-19,560,51.43,114.83,6899285.76
2004-12-24,2005-04-29,126,27.61,24.35,-122402.84
2004-12-24,2005-04-29,126,280.35,257.31,-140263.06
2004-12-31,2005-03-25,84,1106.36,998.09,-137598.79
2004-12-31,2007-01-26,756,12.24,20.86,918521.17
2005-01-28,2005-07-29,182,20.17,22.94,2127348.84
2005-01-28,2006-05-19,476,27.27,46.03,791628.65
2005-03-04,2005-04-29,56,40.41,36.73,-306623.55
2005-03-11,2005-04-15,35,99.82,87.54,-119110.8
2005-04-22,2010-01-08,1722,435.16,103.06,-764253.0
2005-05-13,2006-06-16,399,1115.26,2234.53,1198657.08
2005-05-27,2006-04-14,322,296.29,434.9,679825.4
2005-06-03,2005-10-28,147,42.44,42.46,-13542.5
2005-06-24,2006-05-19,329,28.59,37.42,349811.22
2005-07-01,2006-06-09,343,109.58,176.61,1526378.76
2005-09-02,2005-10-21,49,101.77,88.02,-113723.74
2005-09-16,2006-05-26,252,33.74,41.9,2717443.93
2005-09-16,2006-06-09,266,11.91,14.23,391560.57
2005-10-07,2006-06-09,245,82.29,106.68,522908.65
2005-12-09,2006-05-26,168,52.12,55.7,183013.41
2005-12-23,2006-05-19,147,48.03,53.4,106232.37
2006-01-06,2006-06-09,154,116.64,120.69,20735.53
2006-05-12,2006-06-09,28,25.94,18.53,-5294358.55
2006-09-29,2007-03-02,154,55.03,57.59,80878.19
2006-10-06,2007-03-09,154,27.85,24.65,-1555609.56
2006-10-13,2007-03-09,147,49.69,50.42,134990.97
2006-10-27,2008-03-07,497,27.65,77.49,1569698.67
2006-11-24,2008-02-01,434,68.26,95.52,434041.44
2007-01-05,2007-08-17,224,24.61,24.47,-26282.12
2007-01-12,2007-03-02,49,67.87,58.7,-428028.0
2007-01-19,2007-03-16,56,50.23,45.45,-150190.55
2007-04-13,2008-07-04,448,67.2,86.84,582361.83
2007-04-27,2007-06-08,42,68.08,63.54,-188458.65
2007-05-04,2007-07-27,84,51.88,47.64,-117032.96
2007-06-01,2007-10-05,126,119.07,110.33,-979794.69
2007-08-03,2007-12-21,140,32.75,33.74,289152.65
2007-08-31,2008-03-28,210,27.95,46.14,1569213.44
2007-09-28,2008-01-25,119,71.49,76.94,173742.04
2007-10-12,2007-11-02,21,420.9,375.1,-244180.92
2007-10-26,2008-01-25,91,150.15,134.75,-77367.24
2007-11-23,2008-01-25,63,46.1,41.91,-213387.64
2008-02-29,2008-03-21,21,424.07,362.1,-287514.87
2008-04-25,2008-10-10,168,197.96,173.13,-526302.21
2008-04-25,2008-06-27,63,449.82,380.22,-258163.88
2008-05-02,2008-06-20,49,63.42,51.22,-787631.0
2008-09-05,2008-10-24,49,478.97,414.56,-189597.68
2009-02-13,2010-01-29,350,530.7,899.82,808216.26
2009-04-17,2009-09-18,154,121.82,125.44,284007.0
2009-04-24,2010-11-12,567,45.15,83.0,1678639.81
2009-05-01,2010-05-14,378,214.41,280.94,1071843.44
2009-05-22,2009-10-30,161,37.14,32.86,-119521.94
2009-05-22,2010-01-22,245,82.33,90.15,235213.15
2009-05-22,2009-12-11,203,103.95,100.74,-55007.68
2009-06-05,2011-01-21,595,26.14,97.07,31662049.62
2009-06-12,2010-05-07,329,59.85,116.29,3007078.6
2009-06-12,2009-10-23,133,121.05,94.68,-221747.89
2009-06-19,2011-01-28,588,130.64,282.41,2677500.97
2009-07-24,2011-01-21,546,112.08,231.65,2767769.65
2009-07-24,2010-02-05,196,134.39,158.24,171608.65
2009-07-24,2010-04-09,259,39.16,57.9,584185.95
2009-07-24,2010-05-07,287,42.44,58.76,5434584.52
2009-09-11,2010-05-21,252,109.3,133.24,137467.09
2009-09-18,2010-06-04,259,66.25,89.91,857594.68
2009-12-25,2010-02-05,42,110.78,98.42,-172248.48
2010-02-26,2010-07-30,154,1026.02,1089.27,111802.13
2010-02-26,2010-11-19,266,123.27,133.15,58212.26
2010-04-23,2010-06-25,63,65.35,60.57,-141879.04
2010-05-14,2010-11-12,182,51.83,44.03,-372224.22
2010-06-25,2010-11-26,154,102.19,101.5,-33594.66
2010-07-09,2010-11-26,140,154.45,161.63,489519.76
2010-08-06,2010-11-19,105,69.61,64.07,-141665.43
2010-09-10,2011-02-25,168,161.5,177.12,71479.37
2010-09-24,2010-11-19,56,69.27,62.11,-2137699.97
2010-10-01,2010-11-26,56,115.59,93.42,-647046.62
2010-12-03,2011-02-04,63,335.08,293.49,-591026.71
2010-12-10,2011-08-05,238,73.38,75.96,46110.66
2010-12-24,2011-02-11,49,74.91,65.41,-2320413.16
2011-03-04,2011-08-19,168,52.92,48.15,-192636.54
2011-03-11,2011-11-25,259,162.32,177.03,20070.2
2011-05-20,2011-11-18,182,253.06,267.98,289127.16
2011-06-03,2011-08-05,63,98.98,87.67,-439596.92
2011-07-01,2011-12-09,161,200.75,190.8,-669798.19
2011-07-01,2011-08-19,49,35.38,32.43,-77495.76
2011-07-29,2011-08-19,21,131.69,108.84,-208099.45
2011-08-19,2011-12-16,119,1267.27,1246.24,-45059.73
2011-09-09,2011-12-23,105,129.42,130.77,234488.14
2011-09-16,2011-10-07,21,54.91,49.18,-200462.34
2011-11-04,2011-11-11,7,152.21,138.79,-77553.15
2012-01-27,2012-03-09,42,314.79,280.18,-458678.8
2012-02-03,2015-09-25,1330,158.5,1647.8,407835584.21
2012-02-10,2012-07-20,161,206.06,211.19,231147.2
2012-02-24,2012-05-11,77,37.44,33.2,-94526.78
2012-03-02,2013-02-08,343,61.45,81.66,528296.2
2012-03-02,2012-06-01,91,305.19,300.25,-105556.39
2012-03-23,2012-07-06,105,196.05,188.92,-10527.65
2012-04-06,2013-08-09,490,292.09,385.6,1779974.34
2012-05-04,2014-06-06,763,89.55,237.48,2600014.92
2012-06-29,2012-11-02,126,98.63,92.68,-184214.7
2012-07-06,2013-11-22,504,100.68,143.02,1349175.07
2012-07-27,2012-12-21,147,37.46,37.97,6176.86
2012-08-03,2013-02-08,189,320.65,348.83,292756.27
2012-08-03,2013-04-05,245,130.65,165.0,247249.64
2012-09-14,2012-11-09,56,132.8,120.12,-100021.2
2012-11-30,2013-03-01,91,333.92,319.69,-232169.69
2012-12-28,2013-02-08,42,213.04,199.24,-17027.54
2013-01-11,2013-07-12,182,103.94,106.87,60948.39
2013-01-18,2013-03-01,42,75.18,64.6,-385406.53
2013-02-01,2013-03-22,49,139.47,115.43,-133942.98
2013-03-08,2013-04-12,35,71.4,61.53,-2190168.61
2013-04-26,2014-04-18,357,365.39,471.5,1324955.62
2013-04-26,2014-03-14,322,240.26,368.6,6266641.91
2013-05-03,2013-07-26,84,144.68,133.57,-50879.88
2013-05-17,2013-05-31,14,390.02,339.57,-513783.48
2013-05-17,2013-08-23,98,214.05,210.81,-4571.73
2013-07-12,2015-03-27,623,192.45,449.01,1599828.1
2013-08-16,2014-04-25,252,74.25,84.9,1815503.02
2013-08-16,2014-01-31,168,1314.75,1343.89,35008.31
2013-09-06,2013-11-15,70,402.55,371.19,-274695.83
2013-10-25,2014-02-28,126,62.83,55.57,-746995.6
2013-11-01,2014-10-10,343,76.06,101.36,740751.49
2013-11-01,2014-01-24,84,486.88,428.84,-921563.73
2013-11-01,2013-11-29,28,247.56,222.84,-23339.71
2014-02-21,2015-06-05,469,156.69,293.68,496444.31
2014-03-07,2014-10-03,210,114.6,143.71,211654.11
2014-03-28,2015-02-06,315,1537.74,1964.37,565382.51
2014-04-04,2016-01-29,665,77.6,185.1,2978157.27
2014-04-11,2014-10-10,182,117.62,134.56,124456.32
2014-05-09,2014-11-14,189,129.4,146.32,338828.58
2014-05-16,2014-12-12,210,41.21,46.94,95466.69
2014-05-16,2014-10-10,147,67.24,78.57,891726.26
2014-05-23,2015-06-12,385,162.65,226.28,1772444.68
2014-05-30,2014-11-21,175,88.6,79.75,-137087.63
2014-06-20,2015-05-01,315,513.87,691.1,2209947.63
2014-06-27,2015-12-11,532,419.16,1214.72,34220330.05
2014-07-04,2015-04-24,294,413.83,589.99,1278592.46
2014-07-25,2014-12-12,140,283.03,273.74,-157645.78
2014-08-22,2015-05-01,252,252.93,287.88,26543.67
2014-08-29,2015-02-06,161,548.33,566.26,165058.68
2014-10-03,2014-12-12,70,101.61,89.63,-1833889.29
2015-01-16,2015-05-01,105,51.32,49.74,-28737.2
2015-01-30,2015-06-12,133,324.28,327.29,17071.65
2015-02-06,2015-04-17,70,107.06,97.67,-1213798.01
2015-04-10,2015-05-01,21,706.34,615.73,-816429.29
2015-04-10,2015-08-14,126,164.77,159.92,-35108.07
2015-07-03,2015-09-25,84,257.1,247.47,-269905.47
2015-07-17,2015-11-06,112,725.04,678.96,-364279.74
2015-07-31,2015-09-25,56,804.76,735.07,-797111.14
2015-08-14,2015-08-28,14,686.24,612.25,-486553.18
2015-08-14,2015-09-11,28,343.16,304.67,-124781.08
2015-12-25,2016-12-16,357,95.66,146.07,1564787.76
2016-02-05,2016-02-12,7,821.94,781.4,-429642.15
2016-03-25,2016-11-11,231,2083.96,2178.79,106812.4
2016-05-13,2016-11-04,175,862.52,960.84,815183.45
2016-05-27,2017-10-06,497,53.63,74.93,304963.32
2016-06-03,2016-10-14,133,85.29,84.71,-13863.64
2016-06-10,2016-11-11,154,289.93,277.62,-10708.39
2016-06-17,2016-09-23,98,285.07,256.13,-648220.84
2016-06-24,2016-12-23,182,206.79,260.81,1312039.3
2016-07-01,2018-02-09,588,117.06,231.0,1027134.46
2016-07-08,2017-05-05,301,47.52,80.12,4319920.07
2016-07-29,2016-11-25,119,2093.46,1884.84,-47018924.35
2016-08-19,2016-11-18,91,1473.85,1276.84,-7228899.57
2016-09-09,2017-03-31,203,101.24,113.3,345587.68
2016-10-28,2018-02-09,469,290.93,379.36,281260.08
2017-01-13,2017-03-03,49,99.9,92.61,-90170.21
2017-01-13,2017-04-14,91,323.59,310.23,-186468.52
2017-01-13,2018-07-20,553,170.51,280.52,2916138.33
2017-02-03,2018-01-12,343,340.39,503.57,3048407.25
2017-04-14,2017-12-01,231,2431.31,2738.45,48821551.05
2017-04-28,2018-09-21,511,1594.42,2571.83,27320499.6
2017-05-19,2017-11-03,168,2658.48,2768.21,99529.73
2017-07-07,2018-03-09,245,92.06,108.91,1893922.23
2017-07-21,2018-02-09,203,97.89,97.85,-64552.66
2017-07-21,2017-10-27,98,349.4,330.85,-223174.65
2017-07-28,2018-03-02,217,283.93,298.46,251120.93
2017-08-04,2018-01-26,175,105.22,103.33,-24446.71
2017-09-01,2018-02-02,154,314.68,321.4,3519.62
2017-09-01,2017-12-01,91,1127.57,1053.75,-584409.71
2017-10-20,2018-02-02,105,567.91,543.01,-187022.78
2017-11-24,2018-10-26,336,364.47,492.83,970865.07
2018-01-05,2018-03-09,63,124.1,112.5,-332302.74
2018-01-12,2018-05-18,126,359.14,346.93,-141171.26
2018-01-12,2018-05-04,112,152.21,141.54,-73916.73
2018-03-30,2018-10-05,189,369.51,426.96,32883.4
2018-04-27,2018-10-26,182,336.32,371.54,567291.96
2018-05-11,2018-10-05,147,1195.68,1129.47,-465544.55
2018-05-18,2018-09-28,133,570.53,598.23,411765.84
2018-08-03,2018-10-26,84,598.98,566.82,-213784.51
2018-08-10,2018-10-26,77,313.49,311.23,-91122.44
2018-08-31,2019-05-24,266,476.24,509.09,316670.96
2018-09-07,2018-10-19,42,419.16,374.1,-391257.13
2018-09-14,2019-07-05,294,113.37,124.8,1132708.51
2019-02-01,2019-05-10,98,1364.05,1255.32,-613944.81
2019-02-01,2019-02-15,14,526.33,479.83,-23431.68
2019-02-08,2019-05-24,105,607.68,555.1,-344404.22
2019-04-05,2019-07-05,91,428.2,399.02,-225989.33
2019-04-05,2019-07-26,112,736.84,720.66,-266162.49
2019-05-24,2019-07-12,49,116.1,99.65,-446306.76
2019-05-24,2019-07-26,63,392.02,364.89,-90631.29
2019-06-21,2019-11-01,133,77.48,77.39,-6694.12
2019-06-21,2020-03-20,273,530.72,660.98,54728.29
2019-07-26,2020-03-20,238,1436.58,1649.97,952476.89
2019-09-27,2020-03-06,161,851.91,857.66,16646.81
2019-10-18,2020-03-13,147,438.2,424.51,-226732.35
2019-10-25,2020-02-28,126,2918.83,2653.58,-6915319.52
2019-11-01,2020-02-28,119,453.89,422.48,-212487.9
2019-11-29,2021-01-29,427,561.12,892.06,3078916.05
2020-01-03,2020-01-31,28,207.82,181.8,-271209.95
2020-02-07,2020-02-28,21,635.41,573.71,-349152.24
2020-04-10,2020-08-14,126,786.87,767.04,-8514.59
2020-04-17,2021-03-19,336,570.64,725.85,915449.4
2020-06-05,2020-11-13,161,3131.46,3243.68,2010856.77
2020-07-17,2021-04-30,287,492.68,733.81,1284570.51
2020-07-31,2022-01-21,539,129.49,279.96,14982294.37
2020-08-14,2021-03-19,217,2314.03,2626.6,369858.06
2020-08-21,2022-01-28,525,1855.19,2970.12,4519558.06
2020-09-11,2021-10-08,392,272.44,636.47,9805514.41
2020-10-02,2022-01-28,483,647.78,1196.78,2588561.78
2020-10-02,2021-02-26,147,485.6,477.11,-135627.89
2020-11-13,2021-04-16,154,2397.42,2321.39,-16564786.23
2020-11-13,2022-06-17,581,78.56,132.64,734065.71
2020-11-20,2021-11-26,371,208.02,405.22,1709516.78
2020-11-27,2021-07-23,238,397.82,661.97,745012.43
2020-11-27,2021-02-19,84,845.66,774.16,-24478.88
2020-12-11,2022-05-13,518,70.24,174.16,18467851.11
2021-02-05,2022-01-28,357,969.21,1515.54,5374686.52
2021-02-19,2021-08-20,182,76.92,80.66,113109.17
2021-02-19,2021-12-24,308,86.85,103.88,199199.43
2021-02-26,2021-04-23,56,97.09,83.23,-134513.41
2021-04-09,2021-12-03,238,531.54,556.43,246399.55
2021-04-09,2021-10-08,182,842.65,879.97,170449.79
2021-05-21,2021-08-20,91,97.12,89.47,-65123.6
2021-06-11,2021-07-30,49,1056.85,917.28,-1141772.86
2021-07-30,2022-01-28,182,841.71,902.07,262117.91
2021-08-20,2022-01-21,154,930.22,907.18,-7432.87
2021-08-20,2021-10-29,70,3668.87,3461.5,-4137212.12
2021-09-17,2022-05-13,238,94.97,119.61,690181.29
2021-09-24,2021-12-24,91,112.32,104.55,-52828.46
2022-02-04,2022-04-29,84,510.31,469.01,-301988.83
2022-03-04,2023-02-10,343,133.7,172.75,189353.33
2022-03-11,2022-05-06,56,1001.68,896.9,-494286.73
2022-04-08,2022-05-13,35,816.99,687.13,-306911.22
2022-04-08,2022-06-24,77,134.07,120.45,-132256.5
2022-04-15,2022-05-13,28,732.54,573.96,-3792538.79
2022-07-08,2022-12-23,168,2812.39,3006.92,27877885.03
2022-07-22,2022-09-30,70,2502.45,2249.6,-340432.71
2022-08-12,2024-11-15,826,142.44,360.11,1688919.13
2022-08-19,2022-10-14,56,854.5,764.62,-172546.52
2022-09-09,2023-01-20,133,1020.38,1015.71,-38548.86
2022-10-21,2023-01-20,91,975.12,928.01,-12916.8
2022-11-11,2023-08-11,273,3926.33,4394.75,7213858.0
2022-12-02,2023-01-06,35,571.1,534.1,-428454.73
2022-12-16,2023-02-24,70,732.6,675.01,-1116412.92
2023-02-03,2023-04-21,77,1002.67,917.64,-376400.8
2023-03-10,2024-10-25,595,150.48,297.99,1759934.22
2023-03-31,2023-05-12,42,906.23,875.52,-279796.24
2023-04-14,2024-09-20,525,136.47,259.88,3056408.43
2023-04-21,2024-04-19,364,995.64,1194.37,44446.83
2023-04-28,2024-10-25,546,190.39,409.46,971462.7
2023-05-26,2023-08-04,70,227.22,200.97,-3724527.22
2023-05-26,2024-04-19,329,1013.62,1321.59,1140216.5
2023-06-02,2024-10-18,504,2619.28,4916.89,2504368.41
2023-06-16,2023-10-27,133,764.78,724.36,-708113.79
2023-06-23,2024-05-17,329,978.99,1145.81,1143693.92
2023-06-30,2023-10-27,119,1004.91,1021.86,66920.84
2023-07-21,2023-10-13,84,3405.32,3048.21,-1327273.66
2023-08-04,2024-05-10,280,1175.87,1302.03,406938.38
2023-09-01,2023-10-20,49,194.73,183.27,-1778904.11
2023-09-15,2024-11-08,420,490.13,645.71,1003870.79
2023-11-17,2024-10-25,343,3774.01,4532.83,90630573.11
2023-12-01,2024-02-09,70,1682.63,1567.86,-1096021.32
2023-12-08,2024-10-04,301,1009.39,1400.95,533960.47
2023-12-08,2024-03-15,98,830.59,772.5,-864361.68
2023-12-15,2024-04-19,126,208.85,212.2,287850.59
2023-12-15,2024-03-29,105,1203.9,1150.44,-282375.54
2023-12-22,2024-04-05,105,5028.88,4689.75,-5093106.29
2024-02-09,2024-11-15,280,232.97,397.47,19065292.48
2024-04-26,2024-12-20,238,877.99,914.89,395037.47
2024-06-07,2024-10-25,140,1455.32,1459.47,-9459.93
2024-06-07,2024-11-15,161,5323.58,4852.01,-6105250.33
2024-06-07,2024-10-04,119,598.16,560.89,-384497.86
2024-06-21,2025-02-21,245,1290.27,1562.51,1119021.53
2024-07-05,2024-11-01,119,1288.15,1251.66,-268488.33
2024-07-12,2024-08-09,28,262.54,230.27,-3373928.23
2024-07-26,2025-01-31,189,1524.74,1635.71,335501.77
2024-08-30,2024-11-15,77,1780.66,1637.6,-1184481.22
2024-09-20,2024-10-11,21,1328.4,1236.01,-20352.64
2024-11-08,2025-02-28,112,266.69,265.44,-223205.05
2024-12-13,2025-01-10,28,476.43,403.57,-7291259.04
2025-01-03,2025-02-14,42,5242.77,4643.14,-65954630.56
2025-03-21,2025-05-02,42,1055.86,964.9,-1008744.63
2025-04-18,2026-03-13,329,5605.81,6741.0,96143286.95
2025-04-18,2025-08-01,105,2032.57,1914.67,-800263.76
2025-09-05,2025-12-19,105,1073.1,1079.6,10511.55
2025-09-12,2025-12-26,105,2079.73,2015.88,-425023.31
2025-09-12,2026-06-26,287,758.05,953.2,1063156.48
2025-09-12,2026-01-23,133,6247.0,5835.0,-4197852.06
2025-10-03,2026-03-13,161,5444.38,5206.0,-261562.21
2025-10-17,2026-01-16,91,1473.19,1415.93,-84470.73
2025-10-17,2026-03-13,147,1282.58,1202.2,-17144.26
2025-10-24,2026-05-01,189,487.46,271.55,-17429318.16
2025-11-14,2026-01-30,77,2876.91,2407.41,-1809674.59
2025-12-26,2026-07-10,196,396.9,432.35,152951.97
2026-01-23,2026-02-20,28,1658.01,1420.0,-972518.9
2026-01-30,2026-03-13,42,1214.4,1119.3,-839268.09
2026-01-30,2026-06-12,133,262.78,246.2,-438511.1
2026-02-06,2026-06-12,126,365.05,353.9,-99176.85
2026-02-06,2026-03-13,35,1544.19,1357.48,-231790.94
2026-03-13,2026-06-12,91,300.95,284.8,-208624.95
